id,file_name,original_attribute,origin_score,unmatch_attribute,unmatch_score
66509,CMIC-111k/Ultrasound/Breast/malignant__145_.png,Ultrasound and Breast,29.258583068847656,CT and Chest,24.624204635620117
66510,CMIC-111k/Ultrasound/Breast/malignant__200_.png,Ultrasound and Breast,31.48874282836914,Xray and Skeleton,21.531841278076172
66511,CMIC-111k/Ultrasound/Breast/malignant__162_.png,Ultrasound and Breast,30.000141143798828,Mamography and Breast,26.767223358154297
66512,CMIC-111k/Ultrasound/Breast/benign__207_.png,Ultrasound and Breast,30.44402313232422,Endoscopy and Gastroent,23.842636108398438
66513,CMIC-111k/Ultrasound/Breast/benign__386_.png,Ultrasound and Breast,30.617671966552734,MRI and Alzheimer,22.326662063598633
66514,CMIC-111k/Ultrasound/Breast/benign__17_.png,Ultrasound and Breast,31.70240020751953,Dermoscopy and Skin,26.220050811767578
66515,CMIC-111k/Ultrasound/Breast/benign__226_.png,Ultrasound and Breast,28.349655151367188,MRI and Alzheimer,19.802370071411133
66516,CMIC-111k/Ultrasound/Breast/benign__216_.png,Ultrasound and Breast,29.02357292175293,CT and Chest,23.034976959228516
66517,CMIC-111k/Ultrasound/Breast/normal__116_.png,Ultrasound and Breast,32.25740432739258,Ultrasound and Ovary,27.879131317138672
66518,CMIC-111k/Ultrasound/Breast/malignant__114_.png,Ultrasound and Breast,29.354347229003906,Xray and Chest,22.520038604736328
66519,CMIC-111k/Ultrasound/Breast/benign__160_.png,Ultrasound and Breast,30.832733154296875,MRI and Brain,20.052040100097656
66520,CMIC-111k/Ultrasound/Breast/benign__95_.png,Ultrasound and Breast,29.520231246948242,Ultrasound and Ovary,26.286651611328125
66521,CMIC-111k/Ultrasound/Breast/malignant__20_.png,Ultrasound and Breast,29.342369079589844,CT and Chest,24.743316650390625
66522,CMIC-111k/Ultrasound/Breast/benign__154_.png,Ultrasound and Breast,30.648658752441406,MRI and Brain,21.196237564086914
66523,CMIC-111k/Ultrasound/Breast/benign__109_.png,Ultrasound and Breast,29.741254806518555,Xray and Chest,24.33203125
66524,CMIC-111k/Ultrasound/Breast/malignant__82_.png,Ultrasound and Breast,29.599018096923828,CT and Chest,24.289424896240234
66525,CMIC-111k/Ultrasound/Breast/benign__94_.png,Ultrasound and Breast,31.01748275756836,Endoscopy and Gastroent,25.679027557373047
66526,CMIC-111k/Ultrasound/Breast/benign__144_.png,Ultrasound and Breast,31.505165100097656,Endoscopy and Gastroent,26.93947982788086
66527,CMIC-111k/Ultrasound/Breast/benign__271_.png,Ultrasound and Breast,28.71406364440918,Ultrasound and Carotid,29.99649429321289
66528,CMIC-111k/Ultrasound/Breast/malignant__98_.png,Ultrasound and Breast,31.910486221313477,Xray and Chest,25.461795806884766
66529,CMIC-111k/Ultrasound/Breast/normal__87_.png,Ultrasound and Breast,28.67099380493164,Xray and Chest,23.872453689575195
66530,CMIC-111k/Ultrasound/Breast/benign__355_.png,Ultrasound and Breast,32.52679443359375,Ultrasound and Brain,26.03745460510254
66531,CMIC-111k/Ultrasound/Breast/benign__134_.png,Ultrasound and Breast,34.36469650268555,MRI and Brain,20.66785430908203
66532,CMIC-111k/Ultrasound/Breast/benign__298_.png,Ultrasound and Breast,30.182395935058594,MRI and Alzheimer,23.01348304748535
66533,CMIC-111k/Ultrasound/Breast/malignant__172_.png,Ultrasound and Breast,31.633831024169922,Mamography and Breast,29.58306884765625
66534,CMIC-111k/Ultrasound/Breast/benign__199_.png,Ultrasound and Breast,29.42974853515625,Endoscopy and Gastroent,23.944442749023438
66535,CMIC-111k/Ultrasound/Breast/benign__304_.png,Ultrasound and Breast,31.64297103881836,Ultrasound and Carotid,32.24909591674805
66536,CMIC-111k/Ultrasound/Breast/malignant__18_.png,Ultrasound and Breast,30.165067672729492,Dermoscopy and Skin,27.12610626220703
66537,CMIC-111k/Ultrasound/Breast/benign__285_.png,Ultrasound and Breast,30.480173110961914,Ultrasound and Ovary,25.207942962646484
66538,CMIC-111k/Ultrasound/Breast/benign__88_.png,Ultrasound and Breast,30.855419158935547,OCT and Retina,22.797636032104492
66539,CMIC-111k/Ultrasound/Breast/benign__3_.png,Ultrasound and Breast,34.81462860107422,Xray and Chest,25.638492584228516
66540,CMIC-111k/Ultrasound/Breast/benign__191_.png,Ultrasound and Breast,32.743656158447266,Mamography and Breast,29.508872985839844
66541,CMIC-111k/Ultrasound/Breast/benign__149_.png,Ultrasound and Breast,32.311065673828125,CT and Chest,25.84651756286621
66542,CMIC-111k/Ultrasound/Breast/benign__204_.png,Ultrasound and Breast,29.456594467163086,MRI and Brain,21.02163314819336
66543,CMIC-111k/Ultrasound/Breast/benign__71_.png,Ultrasound and Breast,30.503597259521484,Endoscopy and Gastroent,27.106523513793945
66544,CMIC-111k/Ultrasound/Breast/malignant__175_.png,Ultrasound and Breast,31.154176712036133,Ultrasound and Carotid,32.67717361450195
66545,CMIC-111k/Ultrasound/Breast/malignant__7_.png,Ultrasound and Breast,29.585899353027344,Ultrasound and Brain,23.813262939453125
66546,CMIC-111k/Ultrasound/Breast/benign__212_.png,Ultrasound and Breast,29.79437255859375,Fundus and Retina,24.116355895996094
66547,CMIC-111k/Ultrasound/Breast/normal__1_.png,Ultrasound and Breast,29.71361541748047,CT and Brain,21.919105529785156
66548,CMIC-111k/Ultrasound/Breast/malignant__146_.png,Ultrasound and Breast,30.558961868286133,Ultrasound and Brain,25.14101791381836
66549,CMIC-111k/Ultrasound/Breast/benign__284_.png,Ultrasound and Breast,30.228744506835938,Ultrasound and Brain,23.860244750976562
66550,CMIC-111k/Ultrasound/Breast/benign__53_.png,Ultrasound and Breast,30.41713523864746,Ultrasound and Carotid,30.985126495361328
66551,CMIC-111k/Ultrasound/Breast/benign__381_.png,Ultrasound and Breast,31.166217803955078,CT and Heart,22.61095428466797
66552,CMIC-111k/Ultrasound/Breast/normal__65_.png,Ultrasound and Breast,29.43631935119629,Ultrasound and Carotid,30.24584197998047
66553,CMIC-111k/Ultrasound/Breast/malignant__50_.png,Ultrasound and Breast,29.508790969848633,Endoscopy and Gastroent,26.301565170288086
66554,CMIC-111k/Ultrasound/Breast/malignant__30_.png,Ultrasound and Breast,28.095781326293945,Mamography and Breast,25.675004959106445
66555,CMIC-111k/Ultrasound/Breast/benign__73_.png,Ultrasound and Breast,31.680200576782227,Ultrasound and Brain,24.76705551147461
66556,CMIC-111k/Ultrasound/Breast/benign__217_.png,Ultrasound and Breast,29.764991760253906,Ultrasound and Carotid,31.24852752685547
66557,CMIC-111k/Ultrasound/Breast/benign__325_.png,Ultrasound and Breast,31.08432388305664,Ultrasound and Baby,27.016305923461914
66558,CMIC-111k/Ultrasound/Breast/benign__66_.png,Ultrasound and Breast,31.033824920654297,CT and Heart,21.41459083557129
66559,CMIC-111k/Ultrasound/Breast/benign__40_.png,Ultrasound and Breast,31.58415412902832,Xray and Chest,24.866792678833008
66560,CMIC-111k/Ultrasound/Breast/malignant__142_.png,Ultrasound and Breast,30.479251861572266,CT and Chest,26.235746383666992
66561,CMIC-111k/Ultrasound/Breast/normal__133_.png,Ultrasound and Breast,30.053449630737305,Xray and Chest,24.963451385498047
66562,CMIC-111k/Ultrasound/Breast/malignant__38_.png,Ultrasound and Breast,29.686222076416016,Endoscopy and Gastroent,26.169353485107422
66563,CMIC-111k/Ultrasound/Breast/normal__74_.png,Ultrasound and Breast,32.03691101074219,Ultrasound and Baby,27.642719268798828
66564,CMIC-111k/Ultrasound/Breast/benign__303_.png,Ultrasound and Breast,29.48445701599121,Dermoscopy and Skin,22.86562728881836
66565,CMIC-111k/Ultrasound/Breast/benign__237_.png,Ultrasound and Breast,30.501041412353516,Ultrasound and Ovary,27.43623161315918
66566,CMIC-111k/Ultrasound/Breast/malignant__85_.png,Ultrasound and Breast,30.1082820892334,Xray and Dental,20.150508880615234
66567,CMIC-111k/Ultrasound/Breast/benign__369_.png,Ultrasound and Breast,30.248870849609375,OCT and Retina,22.547338485717773
66568,CMIC-111k/Ultrasound/Breast/benign__90_.png,Ultrasound and Breast,29.224660873413086,Endoscopy and Gastroent,26.026447296142578
66569,CMIC-111k/Ultrasound/Breast/normal__18_.png,Ultrasound and Breast,30.328950881958008,Ultrasound and Carotid,31.524980545043945
66570,CMIC-111k/Ultrasound/Breast/benign__175_.png,Ultrasound and Breast,31.217519760131836,Ultrasound and Carotid,30.710969924926758
66571,CMIC-111k/Ultrasound/Breast/normal__68_.png,Ultrasound and Breast,29.595909118652344,MRI and Brain,22.336246490478516
66572,CMIC-111k/Ultrasound/Breast/malignant__189_.png,Ultrasound and Breast,31.797439575195312,Ultrasound and Ovary,30.948781967163086
66573,CMIC-111k/Ultrasound/Breast/normal__120_.png,Ultrasound and Breast,32.096961975097656,CT and Brain,22.070716857910156
66574,CMIC-111k/Ultrasound/Breast/normal__132_.png,Ultrasound and Breast,30.694015502929688,Fundus and Retina,25.81304931640625
66575,CMIC-111k/Ultrasound/Breast/benign__10_.png,Ultrasound and Breast,30.81844711303711,Dermoscopy and Skin,23.553606033325195
66576,CMIC-111k/Ultrasound/Breast/malignant__14_.png,Ultrasound and Breast,29.33777618408203,Ultrasound and Baby,26.442705154418945
66577,CMIC-111k/Ultrasound/Breast/benign__267_.png,Ultrasound and Breast,28.82845115661621,Xray and Dental,20.348613739013672
66578,CMIC-111k/Ultrasound/Breast/benign__232_.png,Ultrasound and Breast,30.404415130615234,Xray and Skeleton,22.754226684570312
66579,CMIC-111k/Ultrasound/Breast/benign__26_.png,Ultrasound and Breast,31.889616012573242,Dermoscopy and Skin,23.782346725463867
66580,CMIC-111k/Ultrasound/Breast/malignant__119_.png,Ultrasound and Breast,31.13350486755371,Fundus and Retina,22.46354866027832
66581,CMIC-111k/Ultrasound/Breast/benign__338_.png,Ultrasound and Breast,30.13511848449707,Ultrasound and Baby,25.829463958740234
66582,CMIC-111k/Ultrasound/Breast/normal__78_.png,Ultrasound and Breast,29.83618927001953,CT and Chest,24.55611801147461
66583,CMIC-111k/Ultrasound/Breast/benign__375_.png,Ultrasound and Breast,31.13719940185547,Mamography and Breast,28.34680938720703
66584,CMIC-111k/Ultrasound/Breast/malignant__129_.png,Ultrasound and Breast,31.65009117126465,MRI and Alzheimer,22.049884796142578
66585,CMIC-111k/Ultrasound/Breast/malignant__149_.png,Ultrasound and Breast,28.994895935058594,MRI and Brain,22.405746459960938
66586,CMIC-111k/Ultrasound/Breast/benign__133_.png,Ultrasound and Breast,30.334897994995117,Xray and Dental,21.284143447875977
66588,CMIC-111k/Ultrasound/Breast/malignant__99_.png,Ultrasound and Breast,31.301219940185547,Ultrasound and Carotid,31.68675994873047
66589,CMIC-111k/Ultrasound/Breast/benign__265_.png,Ultrasound and Breast,29.566326141357422,Ultrasound and Ovary,26.399517059326172
66590,CMIC-111k/Ultrasound/Breast/benign__173_.png,Ultrasound and Breast,32.5145263671875,Xray and Chest,27.288299560546875
66591,CMIC-111k/Ultrasound/Breast/benign__323_.png,Ultrasound and Breast,30.426925659179688,Ultrasound and Ovary,26.460676193237305
66592,CMIC-111k/Ultrasound/Breast/benign__241_.png,Ultrasound and Breast,28.561487197875977,MRI and Alzheimer,18.31603240966797
66593,CMIC-111k/Ultrasound/Breast/benign__398_.png,Ultrasound and Breast,32.672454833984375,Ultrasound and Brain,27.391109466552734
66594,CMIC-111k/Ultrasound/Breast/benign__353_.png,Ultrasound and Breast,29.750789642333984,Ultrasound and Carotid,30.91866683959961
66595,CMIC-111k/Ultrasound/Breast/benign__270_.png,Ultrasound and Breast,29.27149772644043,CT and Chest,22.31987762451172
66596,CMIC-111k/Ultrasound/Breast/normal__15_.png,Ultrasound and Breast,30.14236068725586,Xray and Dental,21.882671356201172
66597,CMIC-111k/Ultrasound/Breast/malignant__158_.png,Ultrasound and Breast,30.903427124023438,CT and Heart,22.51830291748047
66598,CMIC-111k/Ultrasound/Breast/normal__108_.png,Ultrasound and Breast,32.08020782470703,Xray and Dental,25.356660842895508
66599,CMIC-111k/Ultrasound/Breast/malignant__36_.png,Ultrasound and Breast,28.475257873535156,Ultrasound and Baby,25.216835021972656
66600,CMIC-111k/Ultrasound/Breast/malignant__128_.png,Ultrasound and Breast,31.394495010375977,Mamography and Breast,29.957874298095703
66601,CMIC-111k/Ultrasound/Breast/benign__186_.png,Ultrasound and Breast,30.62161636352539,Dermoscopy and Skin,23.129962921142578
66602,CMIC-111k/Ultrasound/Breast/benign__124_.png,Ultrasound and Breast,29.69187355041504,Ultrasound and Brain,23.906414031982422
66603,CMIC-111k/Ultrasound/Breast/malignant__115_.png,Ultrasound and Breast,29.250553131103516,Ultrasound and Baby,26.636112213134766
66604,CMIC-111k/Ultrasound/Breast/benign__365_.png,Ultrasound and Breast,32.60234832763672,Ultrasound and Brain,25.771198272705078
66605,CMIC-111k/Ultrasound/Breast/normal__39_.png,Ultrasound and Breast,33.42539978027344,Fundus and Retina,27.346622467041016
66606,CMIC-111k/Ultrasound/Breast/malignant__122_.png,Ultrasound and Breast,30.071290969848633,Endoscopy and Gastroent,25.243751525878906
66607,CMIC-111k/Ultrasound/Breast/malignant__197_.png,Ultrasound and Breast,28.699071884155273,Xray and Skeleton,24.159671783447266
66608,CMIC-111k/Ultrasound/Breast/malignant__75_.png,Ultrasound and Breast,32.773658752441406,CT and Brain,22.03281021118164
66609,CMIC-111k/Ultrasound/Breast/benign__125_.png,Ultrasound and Breast,29.517902374267578,OCT and Retina,23.38247299194336
66610,CMIC-111k/Ultrasound/Breast/malignant__103_.png,Ultrasound and Breast,31.097665786743164,Fundus and Retina,22.753028869628906
66611,CMIC-111k/Ultrasound/Breast/benign__108_.png,Ultrasound and Breast,30.160327911376953,Endoscopy and Gastroent,25.199108123779297
66612,CMIC-111k/Ultrasound/Breast/normal__12_.png,Ultrasound and Breast,31.071203231811523,Ultrasound and Baby,27.59505271911621
66613,CMIC-111k/Ultrasound/Breast/malignant__2_.png,Ultrasound and Breast,29.09864044189453,MRI and Alzheimer,20.26496124267578
66614,CMIC-111k/Ultrasound/Breast/benign__227_.png,Ultrasound and Breast,28.78084945678711,Ultrasound and Carotid,30.692296981811523
66615,CMIC-111k/Ultrasound/Breast/benign__115_.png,Ultrasound and Breast,31.86590576171875,MRI and Alzheimer,21.043880462646484
66616,CMIC-111k/Ultrasound/Breast/benign__138_.png,Ultrasound and Breast,34.91161346435547,Ultrasound and Brain,24.475116729736328
66617,CMIC-111k/Ultrasound/Breast/benign__249_.png,Ultrasound and Breast,29.289125442504883,Ultrasound and Ovary,27.181350708007812
66618,CMIC-111k/Ultrasound/Breast/benign__359_.png,Ultrasound and Breast,29.765256881713867,Mamography and Breast,28.017446517944336
66619,CMIC-111k/Ultrasound/Breast/normal__104_.png,Ultrasound and Breast,32.59099578857422,Endoscopy and Gastroent,25.572933197021484
66620,CMIC-111k/Ultrasound/Breast/benign__345_.png,Ultrasound and Breast,28.47768211364746,Xray and Skeleton,21.60049057006836
66621,CMIC-111k/Ultrasound/Breast/benign__224_.png,Ultrasound and Breast,30.973405838012695,Xray and Skeleton,22.437957763671875
66622,CMIC-111k/Ultrasound/Breast/malignant__206_.png,Ultrasound and Breast,31.159263610839844,Endoscopy and Gastroent,26.742366790771484
66623,CMIC-111k/Ultrasound/Breast/benign__9_.png,Ultrasound and Breast,29.683883666992188,CT and Brain,21.22066879272461
66624,CMIC-111k/Ultrasound/Breast/benign__333_.png,Ultrasound and Breast,31.589811325073242,CT and Chest,24.613346099853516
66625,CMIC-111k/Ultrasound/Breast/malignant__170_.png,Ultrasound and Breast,30.543550491333008,Xray and Skeleton,22.2038631439209
66626,CMIC-111k/Ultrasound/Breast/benign__137_.png,Ultrasound and Breast,29.95551872253418,Ultrasound and Ovary,27.043094635009766
66627,CMIC-111k/Ultrasound/Breast/malignant__6_.png,Ultrasound and Breast,30.548141479492188,Ultrasound and Ovary,29.528526306152344
66628,CMIC-111k/Ultrasound/Breast/benign__410_.png,Ultrasound and Breast,29.834457397460938,CT and Chest,24.496200561523438
66629,CMIC-111k/Ultrasound/Breast/malignant__70_.png,Ultrasound and Breast,28.31911277770996,MRI and Brain,20.179306030273438
66630,CMIC-111k/Ultrasound/Breast/benign__16_.png,Ultrasound and Breast,30.370189666748047,CT and Heart,21.222387313842773
66631,CMIC-111k/Ultrasound/Breast/normal__63_.png,Ultrasound and Breast,29.656246185302734,Ultrasound and Ovary,26.794843673706055
66632,CMIC-111k/Ultrasound/Breast/malignant__112_.png,Ultrasound and Breast,29.117305755615234,Xray and Chest,24.1971492767334
66633,CMIC-111k/Ultrasound/Breast/benign__324_.png,Ultrasound and Breast,31.366209030151367,Ultrasound and Brain,25.115982055664062
66634,CMIC-111k/Ultrasound/Breast/normal__123_.png,Ultrasound and Breast,30.55024528503418,CT and Brain,22.09286117553711
66635,CMIC-111k/Ultrasound/Breast/normal__29_.png,Ultrasound and Breast,30.683439254760742,Ultrasound and Ovary,28.011770248413086
66636,CMIC-111k/Ultrasound/Breast/malignant__143_.png,Ultrasound and Breast,31.28839111328125,Xray and Dental,20.704849243164062
66637,CMIC-111k/Ultrasound/Breast/normal__112_.png,Ultrasound and Breast,30.331092834472656,Ultrasound and Brain,24.354251861572266
66638,CMIC-111k/Ultrasound/Breast/benign__390_.png,Ultrasound and Breast,30.190677642822266,Ultrasound and Carotid,30.25304412841797
66639,CMIC-111k/Ultrasound/Breast/benign__417_.png,Ultrasound and Breast,30.187177658081055,Ultrasound and Ovary,26.286548614501953
66640,CMIC-111k/Ultrasound/Breast/normal__6_.png,Ultrasound and Breast,31.40679168701172,Ultrasound and Carotid,31.22878646850586
66641,CMIC-111k/Ultrasound/Breast/benign__158_.png,Ultrasound and Breast,30.906585693359375,OCT and Retina,22.891525268554688
66642,CMIC-111k/Ultrasound/Breast/malignant__40_.png,Ultrasound and Breast,29.404109954833984,CT and Brain,22.446006774902344
66643,CMIC-111k/Ultrasound/Breast/malignant__133_.png,Ultrasound and Breast,29.756343841552734,Mamography and Breast,25.81133460998535
66644,CMIC-111k/Ultrasound/Breast/malignant__210_.png,Ultrasound and Breast,31.61080551147461,MRI and Brain,20.797771453857422
66645,CMIC-111k/Ultrasound/Breast/malignant__59_.png,Ultrasound and Breast,30.43022918701172,MRI and Alzheimer,23.77478790283203
66646,CMIC-111k/Ultrasound/Breast/normal__62_.png,Ultrasound and Breast,31.520593643188477,Ultrasound and Carotid,31.856903076171875
66647,CMIC-111k/Ultrasound/Breast/malignant__108_.png,Ultrasound and Breast,30.403350830078125,Xray and Chest,25.037200927734375
66648,CMIC-111k/Ultrasound/Breast/normal__79_.png,Ultrasound and Breast,29.546714782714844,CT and Heart,21.350536346435547
66649,CMIC-111k/Ultrasound/Breast/benign__113_.png,Ultrasound and Breast,30.962757110595703,CT and Heart,21.513587951660156
66650,CMIC-111k/Ultrasound/Breast/benign__289_.png,Ultrasound and Breast,30.541215896606445,Xray and Chest,23.755184173583984
66651,CMIC-111k/Ultrasound/Breast/benign__201_.png,Ultrasound and Breast,28.519636154174805,CT and Chest,23.706758499145508
66652,CMIC-111k/Ultrasound/Breast/benign__377_.png,Ultrasound and Breast,31.16631317138672,Mamography and Breast,28.169105529785156
66653,CMIC-111k/Ultrasound/Breast/normal__48_.png,Ultrasound and Breast,33.01860046386719,CT and Heart,22.57010269165039
66654,CMIC-111k/Ultrasound/Breast/malignant__11_.png,Ultrasound and Breast,30.423004150390625,MRI and Alzheimer,20.87444496154785
66655,CMIC-111k/Ultrasound/Breast/benign__172_.png,Ultrasound and Breast,29.642662048339844,CT and Brain,21.916522979736328
66656,CMIC-111k/Ultrasound/Breast/benign__61_.png,Ultrasound and Breast,30.380569458007812,Ultrasound and Carotid,31.204822540283203
66657,CMIC-111k/Ultrasound/Breast/malignant__166_.png,Ultrasound and Breast,30.51995086669922,CT and Chest,25.219280242919922
66658,CMIC-111k/Ultrasound/Breast/benign__240_.png,Ultrasound and Breast,29.094104766845703,Ultrasound and Carotid,31.501249313354492
66659,CMIC-111k/Ultrasound/Breast/benign__294_.png,Ultrasound and Breast,30.842361450195312,Mamography and Breast,27.886682510375977
66660,CMIC-111k/Ultrasound/Breast/benign__56_.png,Ultrasound and Breast,30.009323120117188,Xray and Dental,21.909069061279297
66661,CMIC-111k/Ultrasound/Breast/normal__23_.png,Ultrasound and Breast,31.80472183227539,CT and Heart,22.408489227294922
66662,CMIC-111k/Ultrasound/Breast/normal__38_.png,Ultrasound and Breast,31.709375381469727,Ultrasound and Baby,28.61087989807129
66663,CMIC-111k/Ultrasound/Breast/benign__76_.png,Ultrasound and Breast,29.13583755493164,CT and Brain,20.879711151123047
66664,CMIC-111k/Ultrasound/Breast/benign__332_.png,Ultrasound and Breast,29.939739227294922,Endoscopy and Gastroent,26.058149337768555
66665,CMIC-111k/Ultrasound/Breast/benign__295_.png,Ultrasound and Breast,29.471946716308594,CT and Heart,20.943517684936523
66666,CMIC-111k/Ultrasound/Breast/benign__155_.png,Ultrasound and Breast,33.162315368652344,Xray and Dental,24.182056427001953
66667,CMIC-111k/Ultrasound/Breast/benign__84_.png,Ultrasound and Breast,29.91213607788086,Mamography and Breast,27.521318435668945
66668,CMIC-111k/Ultrasound/Breast/malignant__148_.png,Ultrasound and Breast,30.526626586914062,Xray and Chest,24.71063232421875
66669,CMIC-111k/Ultrasound/Breast/malignant__174_.png,Ultrasound and Breast,30.376049041748047,Ultrasound and Baby,26.341760635375977
66670,CMIC-111k/Ultrasound/Breast/benign__418_.png,Ultrasound and Breast,30.907470703125,Ultrasound and Carotid,31.28249168395996
66671,CMIC-111k/Ultrasound/Breast/benign__152_.png,Ultrasound and Breast,31.21562957763672,Xray and Dental,21.8316650390625
66672,CMIC-111k/Ultrasound/Breast/malignant__31_.png,Ultrasound and Breast,29.812103271484375,CT and Heart,25.4998779296875
66673,CMIC-111k/Ultrasound/Breast/benign__31_.png,Ultrasound and Breast,30.674013137817383,CT and Chest,24.57748794555664
66674,CMIC-111k/Ultrasound/Breast/benign__362_.png,Ultrasound and Breast,29.994709014892578,Ultrasound and Ovary,27.176843643188477
66675,CMIC-111k/Ultrasound/Breast/malignant__187_.png,Ultrasound and Breast,30.727367401123047,Ultrasound and Ovary,27.301437377929688
66677,CMIC-111k/Ultrasound/Breast/benign__51_.png,Ultrasound and Breast,29.980419158935547,Dermoscopy and Skin,26.84250259399414
66678,CMIC-111k/Ultrasound/Breast/malignant__89_.png,Ultrasound and Breast,28.85733413696289,CT and Brain,22.126113891601562
66679,CMIC-111k/Ultrasound/Breast/benign__129_.png,Ultrasound and Breast,30.822080612182617,Ultrasound and Brain,25.766185760498047
66680,CMIC-111k/Ultrasound/Breast/benign__318_.png,Ultrasound and Breast,35.323028564453125,Ultrasound and Carotid,30.35962677001953
66681,CMIC-111k/Ultrasound/Breast/benign__322_.png,Ultrasound and Breast,30.23288345336914,CT and Heart,21.172786712646484
66682,CMIC-111k/Ultrasound/Breast/benign__361_.png,Ultrasound and Breast,31.194664001464844,Dermoscopy and Skin,25.87868309020996
66683,CMIC-111k/Ultrasound/Breast/benign__174_.png,Ultrasound and Breast,33.68216323852539,Ultrasound and Brain,27.094369888305664
66684,CMIC-111k/Ultrasound/Breast/malignant__80_.png,Ultrasound and Breast,31.192554473876953,CT and Chest,23.747081756591797
66685,CMIC-111k/Ultrasound/Breast/malignant__60_.png,Ultrasound and Breast,31.408411026000977,Ultrasound and Baby,27.993125915527344
66686,CMIC-111k/Ultrasound/Breast/malignant__84_.png,Ultrasound and Breast,30.04489517211914,MRI and Alzheimer,21.14954376220703
66687,CMIC-111k/Ultrasound/Breast/malignant__132_.png,Ultrasound and Breast,31.06458282470703,Ultrasound and Carotid,30.355459213256836
66688,CMIC-111k/Ultrasound/Breast/benign__153_.png,Ultrasound and Breast,30.269046783447266,Ultrasound and Ovary,27.735746383666992
66689,CMIC-111k/Ultrasound/Breast/malignant__164_.png,Ultrasound and Breast,29.976688385009766,OCT and Retina,21.619178771972656
66690,CMIC-111k/Ultrasound/Breast/benign__231_.png,Ultrasound and Breast,29.91141128540039,MRI and Alzheimer,19.248916625976562
66691,CMIC-111k/Ultrasound/Breast/benign__2_.png,Ultrasound and Breast,31.366621017456055,Endoscopy and Gastroent,25.45824432373047
66692,CMIC-111k/Ultrasound/Breast/normal__25_.png,Ultrasound and Breast,30.316421508789062,Ultrasound and Ovary,27.678133010864258
66693,CMIC-111k/Ultrasound/Breast/malignant__124_.png,Ultrasound and Breast,31.79203987121582,Ultrasound and Brain,24.59747886657715
66694,CMIC-111k/Ultrasound/Breast/benign__70_.png,Ultrasound and Breast,28.640316009521484,Ultrasound and Baby,25.58636474609375
66695,CMIC-111k/Ultrasound/Breast/malignant__26_.png,Ultrasound and Breast,30.5156192779541,Ultrasound and Carotid,30.672256469726562
66696,CMIC-111k/Ultrasound/Breast/benign__313_.png,Ultrasound and Breast,29.15081024169922,CT and Heart,22.639999389648438
66697,CMIC-111k/Ultrasound/Breast/malignant__22_.png,Ultrasound and Breast,31.35181427001953,Xray and Chest,26.154865264892578
66698,CMIC-111k/Ultrasound/Breast/benign__349_.png,Ultrasound and Breast,30.530799865722656,CT and Heart,22.030242919921875
66699,CMIC-111k/Ultrasound/Breast/benign__119_.png,Ultrasound and Breast,29.444114685058594,Ultrasound and Baby,26.063343048095703
66700,CMIC-111k/Ultrasound/Breast/malignant__154_.png,Ultrasound and Breast,30.667667388916016,Ultrasound and Baby,29.524927139282227
66701,CMIC-111k/Ultrasound/Breast/benign__142_.png,Ultrasound and Breast,32.572349548339844,CT and Brain,22.418933868408203
66702,CMIC-111k/Ultrasound/Breast/normal__55_.png,Ultrasound and Breast,29.57190704345703,Xray and Chest,25.377429962158203
66703,CMIC-111k/Ultrasound/Breast/benign__164_.png,Ultrasound and Breast,33.12843322753906,MRI and Brain,22.064228057861328
66704,CMIC-111k/Ultrasound/Breast/normal__24_.png,Ultrasound and Breast,30.46037483215332,CT and Chest,24.493698120117188
66705,CMIC-111k/Ultrasound/Breast/benign__407_.png,Ultrasound and Breast,29.418777465820312,Ultrasound and Baby,27.528995513916016
66706,CMIC-111k/Ultrasound/Breast/benign__426_.png,Ultrasound and Breast,29.651905059814453,CT and Chest,23.69388198852539
66707,CMIC-111k/Ultrasound/Breast/normal__97_.png,Ultrasound and Breast,32.024269104003906,Fundus and Retina,25.572242736816406
66708,CMIC-111k/Ultrasound/Breast/normal__122_.png,Ultrasound and Breast,30.81639862060547,MRI and Brain,21.475330352783203
66709,CMIC-111k/Ultrasound/Breast/normal__115_.png,Ultrasound and Breast,30.806262969970703,Dermoscopy and Skin,28.279560089111328
66710,CMIC-111k/Ultrasound/Breast/benign__57_.png,Ultrasound and Breast,30.457962036132812,CT and Heart,22.298377990722656
66711,CMIC-111k/Ultrasound/Breast/malignant__83_.png,Ultrasound and Breast,29.57756805419922,Dermoscopy and Skin,22.827495574951172
66712,CMIC-111k/Ultrasound/Breast/normal__103_.png,Ultrasound and Breast,32.644371032714844,Ultrasound and Brain,26.57064437866211
66713,CMIC-111k/Ultrasound/Breast/benign__335_.png,Ultrasound and Breast,28.72770118713379,Ultrasound and Baby,25.463993072509766
66714,CMIC-111k/Ultrasound/Breast/benign__82_.png,Ultrasound and Breast,30.463768005371094,Xray and Skeleton,23.42584991455078
66715,CMIC-111k/Ultrasound/Breast/benign__379_.png,Ultrasound and Breast,32.231658935546875,CT and Heart,22.865562438964844
66716,CMIC-111k/Ultrasound/Breast/normal__69_.png,Ultrasound and Breast,29.848602294921875,CT and Brain,21.18829917907715
66717,CMIC-111k/Ultrasound/Breast/benign__122_.png,Ultrasound and Breast,28.114519119262695,Xray and Dental,22.042104721069336
66718,CMIC-111k/Ultrasound/Breast/malignant__1_.png,Ultrasound and Breast,31.019174575805664,Xray and Skeleton,24.049713134765625
66719,CMIC-111k/Ultrasound/Breast/normal__19_.png,Ultrasound and Breast,29.796798706054688,MRI and Brain,20.243072509765625
66720,CMIC-111k/Ultrasound/Breast/normal__43_.png,Ultrasound and Breast,30.344623565673828,Endoscopy and Gastroent,26.61461639404297
66721,CMIC-111k/Ultrasound/Breast/normal__81_.png,Ultrasound and Breast,28.882600784301758,Ultrasound and Ovary,25.046306610107422
66722,CMIC-111k/Ultrasound/Breast/benign__102_.png,Ultrasound and Breast,29.881284713745117,CT and Chest,23.320594787597656
66723,CMIC-111k/Ultrasound/Breast/malignant__134_.png,Ultrasound and Breast,30.003028869628906,Xray and Skeleton,22.557430267333984
66724,CMIC-111k/Ultrasound/Breast/malignant__95_.png,Ultrasound and Breast,30.13001823425293,Ultrasound and Baby,26.244701385498047
66725,CMIC-111k/Ultrasound/Breast/benign__401_.png,Ultrasound and Breast,29.277639389038086,CT and Brain,23.969337463378906
66726,CMIC-111k/Ultrasound/Breast/malignant__109_.png,Ultrasound and Breast,28.794214248657227,OCT and Retina,23.2429141998291
66727,CMIC-111k/Ultrasound/Breast/benign__357_.png,Ultrasound and Breast,29.73479652404785,CT and Chest,23.549829483032227
66728,CMIC-111k/Ultrasound/Breast/benign__132_.png,Ultrasound and Breast,28.82806396484375,Ultrasound and Baby,26.472116470336914
66729,CMIC-111k/Ultrasound/Breast/benign__195_.png,Ultrasound and Breast,30.500694274902344,Endoscopy and Gastroent,25.032470703125
66730,CMIC-111k/Ultrasound/Breast/benign__104_.png,Ultrasound and Breast,31.61602783203125,Xray and Dental,22.12563133239746
66731,CMIC-111k/Ultrasound/Breast/malignant__118_.png,Ultrasound and Breast,30.557796478271484,CT and Brain,21.7901611328125
66732,CMIC-111k/Ultrasound/Breast/malignant__104_.png,Ultrasound and Breast,30.891963958740234,Ultrasound and Carotid,31.491336822509766
66733,CMIC-111k/Ultrasound/Breast/normal__118_.png,Ultrasound and Breast,28.706409454345703,Xray and Dental,21.128265380859375
66734,CMIC-111k/Ultrasound/Breast/benign__354_.png,Ultrasound and Breast,31.643905639648438,CT and Brain,22.071735382080078
66735,CMIC-111k/Ultrasound/Breast/benign__434_.png,Ultrasound and Breast,30.63088035583496,Ultrasound and Baby,28.811351776123047
66736,CMIC-111k/Ultrasound/Breast/benign__103_.png,Ultrasound and Breast,31.26528549194336,OCT and Retina,22.87995147705078
66737,CMIC-111k/Ultrasound/Breast/benign__436_.png,Ultrasound and Breast,29.976577758789062,Mamography and Breast,27.18164825439453
66738,CMIC-111k/Ultrasound/Breast/malignant__105_.png,Ultrasound and Breast,30.217233657836914,Dermoscopy and Skin,24.751964569091797
66739,CMIC-111k/Ultrasound/Breast/benign__206_.png,Ultrasound and Breast,28.692035675048828,MRI and Brain,18.819137573242188
66740,CMIC-111k/Ultrasound/Breast/normal__75_.png,Ultrasound and Breast,31.86554718017578,MRI and Alzheimer,21.289365768432617
66742,CMIC-111k/Ultrasound/Breast/malignant__66_.png,Ultrasound and Breast,30.63490867614746,Xray and Dental,21.15593719482422
66743,CMIC-111k/Ultrasound/Breast/benign__427_.png,Ultrasound and Breast,29.583290100097656,Ultrasound and Carotid,30.444358825683594
66744,CMIC-111k/Ultrasound/Breast/benign__208_.png,Ultrasound and Breast,27.745071411132812,Endoscopy and Gastroent,25.824419021606445
66745,CMIC-111k/Ultrasound/Breast/benign__260_.png,Ultrasound and Breast,29.897897720336914,Xray and Chest,23.893869400024414
66746,CMIC-111k/Ultrasound/Breast/benign__316_.png,Ultrasound and Breast,29.588359832763672,Ultrasound and Baby,26.724056243896484
66747,CMIC-111k/Ultrasound/Breast/benign__30_.png,Ultrasound and Breast,30.409944534301758,Ultrasound and Ovary,27.082866668701172
66748,CMIC-111k/Ultrasound/Breast/normal__102_.png,Ultrasound and Breast,31.10338592529297,CT and Brain,22.206897735595703
66749,CMIC-111k/Ultrasound/Breast/benign__93_.png,Ultrasound and Breast,28.364864349365234,Dermoscopy and Skin,28.852073669433594
66750,CMIC-111k/Ultrasound/Breast/benign__190_.png,Ultrasound and Breast,29.171289443969727,Xray and Skeleton,21.738798141479492
66751,CMIC-111k/Ultrasound/Breast/benign__21_.png,Ultrasound and Breast,29.768356323242188,CT and Heart,21.770973205566406
66752,CMIC-111k/Ultrasound/Breast/benign__430_.png,Ultrasound and Breast,31.634841918945312,Dermoscopy and Skin,26.413915634155273
66753,CMIC-111k/Ultrasound/Breast/normal__21_.png,Ultrasound and Breast,30.262554168701172,Xray and Skeleton,21.662321090698242
66754,CMIC-111k/Ultrasound/Breast/malignant__201_.png,Ultrasound and Breast,31.001081466674805,Dermoscopy and Skin,25.382186889648438
66755,CMIC-111k/Ultrasound/Breast/benign__374_.png,Ultrasound and Breast,28.366146087646484,MRI and Brain,19.27297592163086
66756,CMIC-111k/Ultrasound/Breast/benign__139_.png,Ultrasound and Breast,32.08198165893555,OCT and Retina,23.56249237060547
66757,CMIC-111k/Ultrasound/Breast/benign__342_.png,Ultrasound and Breast,29.529354095458984,Ultrasound and Carotid,31.765180587768555
66758,CMIC-111k/Ultrasound/Breast/benign__145_.png,Ultrasound and Breast,30.682872772216797,Fundus and Retina,24.177162170410156
66759,CMIC-111k/Ultrasound/Breast/malignant__27_.png,Ultrasound and Breast,31.880157470703125,CT and Brain,21.792095184326172
66760,CMIC-111k/Ultrasound/Breast/benign__319_.png,Ultrasound and Breast,31.41650390625,Fundus and Retina,23.650096893310547
66761,CMIC-111k/Ultrasound/Breast/normal__124_.png,Ultrasound and Breast,30.066986083984375,Ultrasound and Baby,27.99950408935547
66762,CMIC-111k/Ultrasound/Breast/malignant__79_.png,Ultrasound and Breast,30.607709884643555,CT and Heart,21.791099548339844
66763,CMIC-111k/Ultrasound/Breast/malignant__71_.png,Ultrasound and Breast,31.861698150634766,Dermoscopy and Skin,26.806201934814453
66764,CMIC-111k/Ultrasound/Breast/normal__13_.png,Ultrasound and Breast,31.91799545288086,Ultrasound and Carotid,32.61888122558594
66765,CMIC-111k/Ultrasound/Breast/benign__8_.png,Ultrasound and Breast,30.579797744750977,Xray and Dental,23.75682830810547
66766,CMIC-111k/Ultrasound/Breast/benign__352_.png,Ultrasound and Breast,31.409748077392578,Endoscopy and Gastroent,26.970169067382812
66767,CMIC-111k/Ultrasound/Breast/malignant__93_.png,Ultrasound and Breast,30.412355422973633,Fundus and Retina,21.883026123046875
66768,CMIC-111k/Ultrasound/Breast/benign__391_.png,Ultrasound and Breast,30.80846405029297,CT and Brain,21.3960018157959
66769,CMIC-111k/Ultrasound/Breast/benign__344_.png,Ultrasound and Breast,30.811552047729492,CT and Chest,25.689395904541016
66770,CMIC-111k/Ultrasound/Breast/benign__197_.png,Ultrasound and Breast,30.964385986328125,Ultrasound and Baby,27.232255935668945
66771,CMIC-111k/Ultrasound/Breast/normal__105_.png,Ultrasound and Breast,29.912565231323242,Ultrasound and Baby,26.648597717285156
66772,CMIC-111k/Ultrasound/Breast/benign__65_.png,Ultrasound and Breast,31.54250717163086,Fundus and Retina,25.545536041259766
66773,CMIC-111k/Ultrasound/Breast/benign__314_.png,Ultrasound and Breast,31.3189754486084,CT and Brain,22.139156341552734
66774,CMIC-111k/Ultrasound/Breast/benign__282_.png,Ultrasound and Breast,29.120399475097656,Fundus and Retina,22.405006408691406
66775,CMIC-111k/Ultrasound/Breast/benign__256_.png,Ultrasound and Breast,30.625715255737305,Fundus and Retina,25.266647338867188
66776,CMIC-111k/Ultrasound/Breast/benign__251_.png,Ultrasound and Breast,29.90561294555664,Dermoscopy and Skin,21.955549240112305
66777,CMIC-111k/Ultrasound/Breast/malignant__67_.png,Ultrasound and Breast,30.138933181762695,Xray and Dental,21.46356201171875
66778,CMIC-111k/Ultrasound/Breast/benign__12_.png,Ultrasound and Breast,30.901416778564453,Xray and Chest,24.242145538330078
66779,CMIC-111k/Ultrasound/Breast/malignant__123_.png,Ultrasound and Breast,29.72758674621582,CT and Heart,20.282978057861328
66780,CMIC-111k/Ultrasound/Breast/malignant__196_.png,Ultrasound and Breast,30.857837677001953,Ultrasound and Carotid,31.607234954833984
66781,CMIC-111k/Ultrasound/Breast/benign__165_.png,Ultrasound and Breast,31.80289077758789,Xray and Dental,22.584644317626953
66782,CMIC-111k/Ultrasound/Breast/benign__378_.png,Ultrasound and Breast,32.678558349609375,Endoscopy and Gastroent,27.29071807861328
66783,CMIC-111k/Ultrasound/Breast/normal__37_.png,Ultrasound and Breast,30.958236694335938,MRI and Brain,21.482227325439453
66784,CMIC-111k/Ultrasound/Breast/benign__302_.png,Ultrasound and Breast,29.554540634155273,Fundus and Retina,21.92200469970703
66785,CMIC-111k/Ultrasound/Breast/malignant__191_.png,Ultrasound and Breast,32.18885040283203,Xray and Skeleton,22.72298812866211
66786,CMIC-111k/Ultrasound/Breast/benign__45_.png,Ultrasound and Breast,30.223785400390625,OCT and Retina,21.24163055419922
66787,CMIC-111k/Ultrasound/Breast/malignant__77_.png,Ultrasound and Breast,33.37445068359375,Ultrasound and Ovary,31.10401153564453
66788,CMIC-111k/Ultrasound/Breast/normal__42_.png,Ultrasound and Breast,31.59958267211914,Xray and Skeleton,22.086442947387695
66789,CMIC-111k/Ultrasound/Breast/benign__67_.png,Ultrasound and Breast,31.692882537841797,Ultrasound and Carotid,31.19881820678711
66790,CMIC-111k/Ultrasound/Breast/benign__364_.png,Ultrasound and Breast,30.999345779418945,Xray and Skeleton,25.077856063842773
66791,CMIC-111k/Ultrasound/Breast/benign__368_.png,Ultrasound and Breast,30.082801818847656,CT and Chest,24.51558494567871
66792,CMIC-111k/Ultrasound/Breast/benign__236_.png,Ultrasound and Breast,30.51571273803711,Fundus and Retina,26.396984100341797
66793,CMIC-111k/Ultrasound/Breast/malignant__102_.png,Ultrasound and Breast,29.594440460205078,Fundus and Retina,24.762680053710938
66794,CMIC-111k/Ultrasound/Breast/normal__76_.png,Ultrasound and Breast,31.211631774902344,Fundus and Retina,24.136585235595703
66795,CMIC-111k/Ultrasound/Breast/normal__7_.png,Ultrasound and Breast,32.544620513916016,Xray and Dental,23.25054931640625
66796,CMIC-111k/Ultrasound/Breast/benign__24_.png,Ultrasound and Breast,30.46100616455078,CT and Heart,21.640422821044922
66797,CMIC-111k/Ultrasound/Breast/benign__11_.png,Ultrasound and Breast,29.414363861083984,CT and Heart,20.75503921508789
66798,CMIC-111k/Ultrasound/Breast/normal__54_.png,Ultrasound and Breast,31.202903747558594,MRI and Brain,21.535449981689453
66799,CMIC-111k/Ultrasound/Breast/benign__169_.png,Ultrasound and Breast,31.294658660888672,Xray and Skeleton,22.305316925048828
66800,CMIC-111k/Ultrasound/Breast/normal__100_.png,Ultrasound and Breast,31.746795654296875,Xray and Chest,24.537317276000977
66801,CMIC-111k/Ultrasound/Breast/benign__363_.png,Ultrasound and Breast,30.819232940673828,Ultrasound and Baby,26.447917938232422
66802,CMIC-111k/Ultrasound/Breast/normal__53_.png,Ultrasound and Breast,32.09969711303711,Ultrasound and Baby,28.71062660217285
66803,CMIC-111k/Ultrasound/Breast/malignant__47_.png,Ultrasound and Breast,30.629743576049805,Xray and Chest,26.060272216796875
66804,CMIC-111k/Ultrasound/Breast/normal__90_.png,Ultrasound and Breast,31.903051376342773,CT and Brain,21.328641891479492
66805,CMIC-111k/Ultrasound/Breast/malignant__96_.png,Ultrasound and Breast,30.177505493164062,OCT and Retina,21.890392303466797
66806,CMIC-111k/Ultrasound/Breast/malignant__94_.png,Ultrasound and Breast,31.99776268005371,Ultrasound and Brain,25.473814010620117
66807,CMIC-111k/Ultrasound/Breast/benign__288_.png,Ultrasound and Breast,28.72270393371582,Fundus and Retina,22.071544647216797
66808,CMIC-111k/Ultrasound/Breast/benign__105_.png,Ultrasound and Breast,32.00872039794922,Mamography and Breast,29.357009887695312
66809,CMIC-111k/Ultrasound/Breast/benign__250_.png,Ultrasound and Breast,28.514774322509766,MRI and Brain,18.320709228515625
66810,CMIC-111k/Ultrasound/Breast/normal__99_.png,Ultrasound and Breast,30.695236206054688,Mamography and Breast,27.949871063232422
66811,CMIC-111k/Ultrasound/Breast/benign__334_.png,Ultrasound and Breast,29.426185607910156,Ultrasound and Baby,25.630897521972656
66812,CMIC-111k/Ultrasound/Breast/normal__73_.png,Ultrasound and Breast,30.36040496826172,CT and Brain,20.636188507080078
66813,CMIC-111k/Ultrasound/Breast/benign__230_.png,Ultrasound and Breast,30.521747589111328,Mamography and Breast,27.74843406677246
66814,CMIC-111k/Ultrasound/Breast/malignant__125_.png,Ultrasound and Breast,29.993497848510742,Fundus and Retina,21.71139144897461
66815,CMIC-111k/Ultrasound/Breast/benign__162_.png,Ultrasound and Breast,31.645233154296875,MRI and Brain,20.211095809936523
66816,CMIC-111k/Ultrasound/Breast/benign__277_.png,Ultrasound and Breast,29.809572219848633,CT and Brain,20.378110885620117
66817,CMIC-111k/Ultrasound/Breast/benign__163_.png,Ultrasound and Breast,33.0985107421875,Ultrasound and Carotid,33.029727935791016
66818,CMIC-111k/Ultrasound/Breast/benign__300_.png,Ultrasound and Breast,31.45396614074707,MRI and Brain,19.405637741088867
66819,CMIC-111k/Ultrasound/Breast/malignant__179_.png,Ultrasound and Breast,29.361528396606445,MRI and Brain,20.733776092529297
66820,CMIC-111k/Ultrasound/Breast/benign__179_.png,Ultrasound and Breast,30.55538558959961,Xray and Chest,24.64365577697754
66821,CMIC-111k/Ultrasound/Breast/benign__36_.png,Ultrasound and Breast,29.6960506439209,Ultrasound and Carotid,30.684228897094727
66822,CMIC-111k/Ultrasound/Breast/malignant__10_.png,Ultrasound and Breast,28.962331771850586,Ultrasound and Ovary,24.904071807861328
66823,CMIC-111k/Ultrasound/Breast/normal__119_.png,Ultrasound and Breast,30.620058059692383,Fundus and Retina,27.007709503173828
66824,CMIC-111k/Ultrasound/Breast/benign__176_.png,Ultrasound and Breast,30.889436721801758,Ultrasound and Brain,25.80942726135254
66825,CMIC-111k/Ultrasound/Breast/benign__299_.png,Ultrasound and Breast,31.92247200012207,Xray and Skeleton,24.113126754760742
66826,CMIC-111k/Ultrasound/Breast/benign__148_.png,Ultrasound and Breast,31.356441497802734,Ultrasound and Baby,27.119298934936523
66827,CMIC-111k/Ultrasound/Breast/malignant__178_.png,Ultrasound and Breast,30.501264572143555,CT and Brain,21.680339813232422
66828,CMIC-111k/Ultrasound/Breast/benign__336_.png,Ultrasound and Breast,29.383220672607422,Ultrasound and Ovary,26.334087371826172
66829,CMIC-111k/Ultrasound/Breast/malignant__186_.png,Ultrasound and Breast,32.544456481933594,Dermoscopy and Skin,26.14271354675293
66830,CMIC-111k/Ultrasound/Breast/benign__247_.png,Ultrasound and Breast,30.35163116455078,OCT and Retina,23.571428298950195
66831,CMIC-111k/Ultrasound/Breast/normal__83_.png,Ultrasound and Breast,33.187530517578125,Ultrasound and Baby,29.562122344970703
66832,CMIC-111k/Ultrasound/Breast/benign__187_.png,Ultrasound and Breast,29.36418914794922,CT and Brain,21.597217559814453
66833,CMIC-111k/Ultrasound/Breast/normal__58_.png,Ultrasound and Breast,31.29402732849121,MRI and Alzheimer,23.527076721191406
66834,CMIC-111k/Ultrasound/Breast/malignant__180_.png,Ultrasound and Breast,31.332515716552734,Dermoscopy and Skin,25.79613494873047
66835,CMIC-111k/Ultrasound/Breast/malignant__153_.png,Ultrasound and Breast,29.175487518310547,Dermoscopy and Skin,23.454349517822266
66836,CMIC-111k/Ultrasound/Breast/benign__49_.png,Ultrasound and Breast,30.609764099121094,Fundus and Retina,24.516935348510742
66837,CMIC-111k/Ultrasound/Breast/normal__95_.png,Ultrasound and Breast,29.945995330810547,Fundus and Retina,24.42129135131836
66838,CMIC-111k/Ultrasound/Breast/normal__86_.png,Ultrasound and Breast,29.777694702148438,CT and Heart,20.75949478149414
66839,CMIC-111k/Ultrasound/Breast/malignant__57_.png,Ultrasound and Breast,30.820972442626953,Fundus and Retina,23.39275550842285
66840,CMIC-111k/Ultrasound/Breast/benign__180_.png,Ultrasound and Breast,30.55537223815918,CT and Heart,21.043851852416992
66841,CMIC-111k/Ultrasound/Breast/malignant__181_.png,Ultrasound and Breast,28.429157257080078,Xray and Skeleton,25.78644561767578
66842,CMIC-111k/Ultrasound/Breast/benign__246_.png,Ultrasound and Breast,31.018535614013672,Xray and Dental,21.34518814086914
66843,CMIC-111k/Ultrasound/Breast/benign__261_.png,Ultrasound and Breast,28.621746063232422,Ultrasound and Brain,22.741674423217773
66844,CMIC-111k/Ultrasound/Breast/benign__123_.png,Ultrasound and Breast,30.456199645996094,Fundus and Retina,22.737590789794922
66845,CMIC-111k/Ultrasound/Breast/benign__358_.png,Ultrasound and Breast,31.60787582397461,Endoscopy and Gastroent,26.969209671020508
66846,CMIC-111k/Ultrasound/Breast/benign__89_.png,Ultrasound and Breast,28.956993103027344,Ultrasound and Carotid,31.35814666748047
66847,CMIC-111k/Ultrasound/Breast/normal__59_.png,Ultrasound and Breast,31.829193115234375,CT and Chest,25.205305099487305
66848,CMIC-111k/Ultrasound/Breast/benign__114_.png,Ultrasound and Breast,30.4151554107666,MRI and Brain,19.18928337097168
66849,CMIC-111k/Ultrasound/Breast/malignant__56_.png,Ultrasound and Breast,30.543697357177734,Endoscopy and Gastroent,26.990116119384766
66850,CMIC-111k/Ultrasound/Breast/malignant__139_.png,Ultrasound and Breast,30.837730407714844,Fundus and Retina,22.00841522216797
66851,CMIC-111k/Ultrasound/Breast/benign__200_.png,Ultrasound and Breast,30.60689926147461,Ultrasound and Baby,26.899219512939453
66852,CMIC-111k/Ultrasound/Breast/benign__196_.png,Ultrasound and Breast,30.1315860748291,CT and Brain,21.759057998657227
66853,CMIC-111k/Ultrasound/Breast/benign__46_.png,Ultrasound and Breast,28.577510833740234,CT and Heart,20.9010066986084
66854,CMIC-111k/Ultrasound/Breast/malignant__76_.png,Ultrasound and Breast,32.021663665771484,OCT and Retina,22.619712829589844
66855,CMIC-111k/Ultrasound/Breast/malignant__131_.png,Ultrasound and Breast,29.639755249023438,MRI and Brain,19.836347579956055
66856,CMIC-111k/Ultrasound/Breast/normal__64_.png,Ultrasound and Breast,29.518957138061523,MRI and Alzheimer,21.482967376708984
66857,CMIC-111k/Ultrasound/Breast/normal__14_.png,Ultrasound and Breast,30.730770111083984,CT and Heart,20.703758239746094
66858,CMIC-111k/Ultrasound/Breast/normal__91_.png,Ultrasound and Breast,29.934009552001953,Dermoscopy and Skin,27.82774543762207
66859,CMIC-111k/Ultrasound/Breast/malignant__169_.png,Ultrasound and Breast,30.514766693115234,MRI and Alzheimer,22.057212829589844
66860,CMIC-111k/Ultrasound/Breast/benign__128_.png,Ultrasound and Breast,31.122406005859375,Fundus and Retina,23.591089248657227
66861,CMIC-111k/Ultrasound/Breast/malignant__21_.png,Ultrasound and Breast,31.401805877685547,Dermoscopy and Skin,25.81989097595215
66862,CMIC-111k/Ultrasound/Breast/benign__308_.png,Ultrasound and Breast,28.204608917236328,Ultrasound and Brain,25.505966186523438
66863,CMIC-111k/Ultrasound/Breast/normal__114_.png,Ultrasound and Breast,29.365652084350586,MRI and Brain,19.417116165161133
66864,CMIC-111k/Ultrasound/Breast/benign__283_.png,Ultrasound and Breast,29.854808807373047,MRI and Brain,18.97756004333496
66865,CMIC-111k/Ultrasound/Breast/benign__339_.png,Ultrasound and Breast,32.10760498046875,CT and Chest,25.28529930114746
66866,CMIC-111k/Ultrasound/Breast/benign__183_.png,Ultrasound and Breast,29.73529052734375,Ultrasound and Brain,24.002056121826172
66867,CMIC-111k/Ultrasound/Breast/benign__372_.png,Ultrasound and Breast,32.39034652709961,CT and Brain,23.230390548706055
66868,CMIC-111k/Ultrasound/Breast/benign__121_.png,Ultrasound and Breast,31.173580169677734,Endoscopy and Gastroent,26.889150619506836
66869,CMIC-111k/Ultrasound/Breast/benign__276_.png,Ultrasound and Breast,30.510543823242188,CT and Brain,20.889690399169922
66870,CMIC-111k/Ultrasound/Breast/benign__406_.png,Ultrasound and Breast,33.01908874511719,MRI and Alzheimer,24.614299774169922
66871,CMIC-111k/Ultrasound/Breast/benign__329_.png,Ultrasound and Breast,30.75063705444336,Ultrasound and Ovary,29.02326774597168
66872,CMIC-111k/Ultrasound/Breast/malignant__17_.png,Ultrasound and Breast,33.709049224853516,Xray and Skeleton,23.768268585205078
66873,CMIC-111k/Ultrasound/Breast/malignant__135_.png,Ultrasound and Breast,30.728191375732422,Ultrasound and Baby,27.722543716430664
66874,CMIC-111k/Ultrasound/Breast/benign__411_.png,Ultrasound and Breast,29.03635025024414,Xray and Skeleton,27.800670623779297
66875,CMIC-111k/Ultrasound/Breast/malignant__63_.png,Ultrasound and Breast,29.00509262084961,Ultrasound and Ovary,26.31338882446289
66876,CMIC-111k/Ultrasound/Breast/benign__400_.png,Ultrasound and Breast,31.040042877197266,MRI and Alzheimer,21.722854614257812
66877,CMIC-111k/Ultrasound/Breast/benign__159_.png,Ultrasound and Breast,29.950090408325195,Mamography and Breast,28.229785919189453
66878,CMIC-111k/Ultrasound/Breast/normal__22_.png,Ultrasound and Breast,29.86937713623047,Endoscopy and Gastroent,26.286636352539062
66879,CMIC-111k/Ultrasound/Breast/benign__341_.png,Ultrasound and Breast,30.529441833496094,MRI and Alzheimer,21.950210571289062
66880,CMIC-111k/Ultrasound/Breast/normal__109_.png,Ultrasound and Breast,31.336423873901367,OCT and Retina,24.11894989013672
66881,CMIC-111k/Ultrasound/Breast/benign__437_.png,Ultrasound and Breast,29.461475372314453,CT and Chest,23.54692268371582
66882,CMIC-111k/Ultrasound/Breast/malignant__150_.png,Ultrasound and Breast,33.5884895324707,Ultrasound and Baby,29.822099685668945
66883,CMIC-111k/Ultrasound/Breast/malignant__207_.png,Ultrasound and Breast,30.129680633544922,CT and Brain,20.27997398376465
66884,CMIC-111k/Ultrasound/Breast/benign__83_.png,Ultrasound and Breast,30.835054397583008,CT and Brain,21.708959579467773
66885,CMIC-111k/Ultrasound/Breast/benign__99_.png,Ultrasound and Breast,32.26415252685547,Mamography and Breast,28.29413414001465
66886,CMIC-111k/Ultrasound/Breast/normal__33_.png,Ultrasound and Breast,32.579933166503906,Mamography and Breast,29.780759811401367
66887,CMIC-111k/Ultrasound/Breast/malignant__111_.png,Ultrasound and Breast,29.60934829711914,MRI and Brain,20.138233184814453
66888,CMIC-111k/Ultrasound/Breast/malignant__173_.png,Ultrasound and Breast,31.07754898071289,MRI and Alzheimer,22.604785919189453
66889,CMIC-111k/Ultrasound/Breast/malignant__155_.png,Ultrasound and Breast,30.058792114257812,Xray and Dental,23.16843032836914
66890,CMIC-111k/Ultrasound/Breast/benign__5_.png,Ultrasound and Breast,30.920141220092773,Ultrasound and Brain,24.231342315673828
66891,CMIC-111k/Ultrasound/Breast/normal__125_.png,Ultrasound and Breast,30.14656639099121,CT and Heart,21.128244400024414
66892,CMIC-111k/Ultrasound/Breast/benign__60_.png,Ultrasound and Breast,34.52450180053711,CT and Brain,19.989837646484375
66893,CMIC-111k/Ultrasound/Breast/malignant__46_.png,Ultrasound and Breast,30.706918716430664,Ultrasound and Brain,25.26512908935547
66894,CMIC-111k/Ultrasound/Breast/benign__221_.png,Ultrasound and Breast,31.867677688598633,Mamography and Breast,28.595945358276367
66895,CMIC-111k/Ultrasound/Breast/malignant__168_.png,Ultrasound and Breast,29.865192413330078,MRI and Alzheimer,25.094200134277344
66896,CMIC-111k/Ultrasound/Breast/benign__397_.png,Ultrasound and Breast,30.715251922607422,Xray and Dental,21.974964141845703
66897,CMIC-111k/Ultrasound/Breast/benign__77_.png,Ultrasound and Breast,29.785844802856445,CT and Heart,21.77927017211914
66898,CMIC-111k/Ultrasound/Breast/malignant__127_.png,Ultrasound and Breast,30.387788772583008,OCT and Retina,21.741167068481445
66899,CMIC-111k/Ultrasound/Breast/benign__315_.png,Ultrasound and Breast,30.254148483276367,CT and Chest,24.970115661621094
66900,CMIC-111k/Ultrasound/Breast/benign__309_.png,Ultrasound and Breast,28.24456214904785,CT and Chest,24.406600952148438
66901,CMIC-111k/Ultrasound/Breast/benign__118_.png,Ultrasound and Breast,30.933984756469727,Mamography and Breast,27.91117286682129
66902,CMIC-111k/Ultrasound/Breast/benign__431_.png,Ultrasound and Breast,33.42058181762695,Fundus and Retina,27.957841873168945
66903,CMIC-111k/Ultrasound/Breast/normal__96_.png,Ultrasound and Breast,32.0972785949707,Xray and Skeleton,23.298049926757812
66904,CMIC-111k/Ultrasound/Breast/benign__373_.png,Ultrasound and Breast,29.50113296508789,Xray and Chest,23.624038696289062
66905,CMIC-111k/Ultrasound/Breast/benign__210_.png,Ultrasound and Breast,29.344894409179688,CT and Chest,23.142704010009766
66906,CMIC-111k/Ultrasound/Breast/normal__129_.png,Ultrasound and Breast,30.259227752685547,Ultrasound and Baby,27.689090728759766
66907,CMIC-111k/Ultrasound/Breast/malignant__113_.png,Ultrasound and Breast,31.923269271850586,Mamography and Breast,28.515525817871094
66908,CMIC-111k/Ultrasound/Breast/benign__220_.png,Ultrasound and Breast,28.354448318481445,Xray and Chest,22.42129898071289
66909,CMIC-111k/Ultrasound/Breast/normal__8_.png,Ultrasound and Breast,30.942649841308594,Xray and Chest,27.11492919921875
66910,CMIC-111k/Ultrasound/Breast/benign__343_.png,Ultrasound and Breast,30.914409637451172,Fundus and Retina,25.32339859008789
66911,CMIC-111k/Ultrasound/Breast/malignant__88_.png,Ultrasound and Breast,32.68595886230469,Xray and Dental,24.28307342529297
66912,CMIC-111k/Ultrasound/Breast/malignant__107_.png,Ultrasound and Breast,30.627132415771484,Ultrasound and Carotid,32.21790313720703
66913,CMIC-111k/Ultrasound/Breast/benign__27_.png,Ultrasound and Breast,29.483564376831055,Fundus and Retina,24.289066314697266
66914,CMIC-111k/Ultrasound/Breast/benign__416_.png,Ultrasound and Breast,29.477895736694336,MRI and Brain,18.868850708007812
66915,CMIC-111k/Ultrasound/Breast/benign__92_.png,Ultrasound and Breast,31.530517578125,MRI and Alzheimer,23.137351989746094
66916,CMIC-111k/Ultrasound/Breast/malignant__34_.png,Ultrasound and Breast,31.516197204589844,Fundus and Retina,24.05507469177246
66917,CMIC-111k/Ultrasound/Breast/benign__320_.png,Ultrasound and Breast,34.92060852050781,CT and Chest,24.646228790283203
66918,CMIC-111k/Ultrasound/Breast/malignant__190_.png,Ultrasound and Breast,31.757028579711914,CT and Brain,22.182342529296875
66919,CMIC-111k/Ultrasound/Breast/normal__52_.png,Ultrasound and Breast,31.99711799621582,Dermoscopy and Skin,27.139678955078125
66920,CMIC-111k/Ultrasound/Breast/benign__32_.png,Ultrasound and Breast,31.754446029663086,Ultrasound and Brain,25.38037872314453
66921,CMIC-111k/Ultrasound/Breast/normal__113_.png,Ultrasound and Breast,29.92554473876953,OCT and Retina,23.354286193847656
66922,CMIC-111k/Ultrasound/Breast/benign__253_.png,Ultrasound and Breast,29.109329223632812,CT and Chest,23.398914337158203
66923,CMIC-111k/Ultrasound/Breast/normal__34_.png,Ultrasound and Breast,29.14748764038086,Ultrasound and Ovary,27.101585388183594
66924,CMIC-111k/Ultrasound/Breast/benign__178_.png,Ultrasound and Breast,31.945249557495117,Xray and Skeleton,22.120492935180664
66925,CMIC-111k/Ultrasound/Breast/malignant__92_.png,Ultrasound and Breast,31.8466796875,CT and Chest,25.326417922973633
66926,CMIC-111k/Ultrasound/Breast/normal__128_.png,Ultrasound and Breast,30.674636840820312,Xray and Skeleton,21.767568588256836
66927,CMIC-111k/Ultrasound/Breast/benign__305_.png,Ultrasound and Breast,30.518049240112305,Xray and Chest,23.878931045532227
66928,CMIC-111k/Ultrasound/Breast/malignant__159_.png,Ultrasound and Breast,30.632244110107422,Ultrasound and Carotid,30.965373992919922
66929,CMIC-111k/Ultrasound/Breast/benign__422_.png,Ultrasound and Breast,28.046751022338867,Ultrasound and Brain,24.33461570739746
66930,CMIC-111k/Ultrasound/Breast/benign__47_.png,Ultrasound and Breast,30.117094039916992,CT and Heart,22.500015258789062
66931,CMIC-111k/Ultrasound/Breast/benign__4_.png,Ultrasound and Breast,35.35930633544922,CT and Brain,20.261037826538086
66932,CMIC-111k/Ultrasound/Breast/benign__143_.png,Ultrasound and Breast,31.93320083618164,Xray and Dental,21.743179321289062
66933,CMIC-111k/Ultrasound/Breast/malignant__51_.png,Ultrasound and Breast,32.48255157470703,Ultrasound and Brain,27.011436462402344
66934,CMIC-111k/Ultrasound/Breast/benign__273_.png,Ultrasound and Breast,31.030241012573242,Endoscopy and Gastroent,26.325672149658203
66935,CMIC-111k/Ultrasound/Breast/benign__168_.png,Ultrasound and Breast,32.520774841308594,Mamography and Breast,28.39940071105957
66936,CMIC-111k/Ultrasound/Breast/benign__387_.png,Ultrasound and Breast,31.416934967041016,Xray and Skeleton,22.089576721191406
66937,CMIC-111k/Ultrasound/Breast/benign__41_.png,Ultrasound and Breast,28.91777801513672,OCT and Retina,25.320348739624023
66938,CMIC-111k/Ultrasound/Breast/normal__80_.png,Ultrasound and Breast,29.390655517578125,Ultrasound and Baby,25.97234344482422
66939,CMIC-111k/Ultrasound/Breast/malignant__165_.png,Ultrasound and Breast,31.05255889892578,Mamography and Breast,28.861560821533203
66940,CMIC-111k/Ultrasound/Breast/benign__6_.png,Ultrasound and Breast,30.61542320251465,CT and Brain,20.488174438476562
66941,CMIC-111k/Ultrasound/Breast/benign__292_.png,Ultrasound and Breast,31.407794952392578,Endoscopy and Gastroent,25.360132217407227
66942,CMIC-111k/Ultrasound/Breast/normal__4_.png,Ultrasound and Breast,31.271881103515625,CT and Chest,24.741079330444336
66943,CMIC-111k/Ultrasound/Breast/benign__257_.png,Ultrasound and Breast,31.05451202392578,CT and Chest,23.682212829589844
66944,CMIC-111k/Ultrasound/Breast/malignant__138_.png,Ultrasound and Breast,31.354122161865234,CT and Heart,21.473663330078125
66945,CMIC-111k/Ultrasound/Breast/benign__420_.png,Ultrasound and Breast,28.469663619995117,MRI and Alzheimer,23.030956268310547
66946,CMIC-111k/Ultrasound/Breast/benign__112_.png,Ultrasound and Breast,31.27423095703125,Ultrasound and Ovary,28.26142120361328
66947,CMIC-111k/Ultrasound/Breast/benign__211_.png,Ultrasound and Breast,29.01239013671875,Fundus and Retina,24.282955169677734
66948,CMIC-111k/Ultrasound/Breast/benign__328_.png,Ultrasound and Breast,29.912208557128906,Xray and Chest,24.143192291259766
66949,CMIC-111k/Ultrasound/Breast/benign__421_.png,Ultrasound and Breast,31.050384521484375,OCT and Retina,24.108165740966797
66950,CMIC-111k/Ultrasound/Breast/normal__60_.png,Ultrasound and Breast,31.372316360473633,CT and Brain,21.29882049560547
66951,CMIC-111k/Ultrasound/Breast/benign__181_.png,Ultrasound and Breast,30.483577728271484,Fundus and Retina,22.140213012695312
66952,CMIC-111k/Ultrasound/Breast/normal__35_.png,Ultrasound and Breast,30.166507720947266,CT and Heart,21.97951889038086
66953,CMIC-111k/Ultrasound/Breast/benign__266_.png,Ultrasound and Breast,28.232816696166992,Xray and Skeleton,18.51213836669922
66954,CMIC-111k/Ultrasound/Breast/malignant__61_.png,Ultrasound and Breast,29.397844314575195,Ultrasound and Brain,23.807754516601562
66955,CMIC-111k/Ultrasound/Breast/benign__312_.png,Ultrasound and Breast,31.30095672607422,Fundus and Retina,25.51728630065918
66956,CMIC-111k/Ultrasound/Breast/benign__348_.png,Ultrasound and Breast,30.258522033691406,Dermoscopy and Skin,26.44439697265625
66957,CMIC-111k/Ultrasound/Breast/malignant__37_.png,Ultrasound and Breast,30.75029945373535,CT and Brain,22.05626106262207
66958,CMIC-111k/Ultrasound/Breast/benign__50_.png,Ultrasound and Breast,29.94440269470215,Fundus and Retina,25.87722396850586
66959,CMIC-111k/Ultrasound/Breast/malignant__163_.png,Ultrasound and Breast,31.93779945373535,Xray and Dental,20.943416595458984
66960,CMIC-111k/Ultrasound/Breast/malignant__152_.png,Ultrasound and Breast,31.862140655517578,Fundus and Retina,26.125446319580078
66961,CMIC-111k/Ultrasound/Breast/normal__32_.png,Ultrasound and Breast,31.33839225769043,Dermoscopy and Skin,26.152803421020508
66962,CMIC-111k/Ultrasound/Breast/normal__44_.png,Ultrasound and Breast,32.07004165649414,Xray and Dental,23.79629898071289
66963,CMIC-111k/Ultrasound/Breast/normal__28_.png,Ultrasound and Breast,30.510902404785156,CT and Chest,27.22652816772461
66964,CMIC-111k/Ultrasound/Breast/normal__45_.png,Ultrasound and Breast,31.493799209594727,Dermoscopy and Skin,27.889545440673828
66965,CMIC-111k/Ultrasound/Breast/normal__72_.png,Ultrasound and Breast,29.550233840942383,Ultrasound and Ovary,26.99207878112793
66966,CMIC-111k/Ultrasound/Breast/normal__49_.png,Ultrasound and Breast,31.452564239501953,Ultrasound and Ovary,26.96051025390625
66967,CMIC-111k/Ultrasound/Breast/malignant__144_.png,Ultrasound and Breast,30.870933532714844,Xray and Skeleton,22.418651580810547
66968,CMIC-111k/Ultrasound/Breast/benign__245_.png,Ultrasound and Breast,30.249576568603516,Mamography and Breast,28.113534927368164
66969,CMIC-111k/Ultrasound/Breast/malignant__41_.png,Ultrasound and Breast,30.193470001220703,MRI and Brain,20.528438568115234
66970,CMIC-111k/Ultrasound/Breast/benign__37_.png,Ultrasound and Breast,29.34130859375,MRI and Brain,23.527454376220703
66971,CMIC-111k/Ultrasound/Breast/benign__396_.png,Ultrasound and Breast,30.63443374633789,Xray and Dental,21.969785690307617
66972,CMIC-111k/Ultrasound/Breast/benign__135_.png,Ultrasound and Breast,28.80809783935547,Ultrasound and Brain,23.53253173828125
66973,CMIC-111k/Ultrasound/Breast/benign__20_.png,Ultrasound and Breast,33.051231384277344,Dermoscopy and Skin,25.492229461669922
66974,CMIC-111k/Ultrasound/Breast/benign__85_.png,Ultrasound and Breast,32.82863235473633,MRI and Alzheimer,23.682514190673828
66975,CMIC-111k/Ultrasound/Breast/benign__380_.png,Ultrasound and Breast,32.04350280761719,Ultrasound and Brain,25.8201961517334
66976,CMIC-111k/Ultrasound/Breast/benign__98_.png,Ultrasound and Breast,32.14069747924805,CT and Brain,22.482757568359375
66977,CMIC-111k/Ultrasound/Breast/malignant__16_.png,Ultrasound and Breast,29.12156105041504,Xray and Skeleton,25.314945220947266
66978,CMIC-111k/Ultrasound/Breast/benign__293_.png,Ultrasound and Breast,32.090030670166016,Xray and Chest,26.109676361083984
